Ano;Funcao;Orgao;Subfuncao;"Valor Empenhado";"Valor Liquidado";"Valor Pago"
2023;"DESPORTO E LAZER";"SECRETARIA DE ESTADO DE DESENVOLVIMENTO SOCIAL";"DESPORTO COMUNITARIO";11.860.809,11;7.460.890,05;7.443.648,32
2023;"DESPORTO E LAZER";"SECRETARIA DE ESTADO DE DESENVOLVIMENTO SOCIAL";LAZER;1.235.172,55;1.235.172,55;1.235.172,55
2023;"ENCARGOS ESPECIAIS";"FUNDACAO CENTRO DE HEMATOLOGIA E HEMOTERAPIA DE MINAS GERAIS";"OUTROS ENCARGOS ESPECIAIS";3.795.494,46;3.795.494,43;3.660.815,33
2023;"ENCARGOS ESPECIAIS";"FUNDACAO EDUCACIONAL CAIO MARTINS";"OUTROS ENCARGOS ESPECIAIS";6.218,45;6.218,45;6.218,45
2023;"SEGURANCA PUBLICA";"GABINETE MILITAR DO GOVERNADOR DO ESTADO DE MINAS GERAIS";"INFORMACAO E INTELIGENCIA";3.956.846,42;3.769.112,07;3.609.807,45
2023;"GESTAO AMBIENTAL";"SECRETARIA DE ESTADO DE MEIO AMBIENTE E DESENVOLVIMENTO SUSTENTAVEL";"CONTROLE AMBIENTAL";63.377.708,31;62.487.189,69;62.388.464,95
2023;SAUDE;"POLICIA MILITAR DO ESTADO DE MINAS GERAIS";"ASSISTENCIA HOSPITALAR E AMBULATORIAL";241.718.986,40;226.031.529,40;216.371.661,24
2023;SAUDE;"CORPO DE BOMBEIROS MILITAR DO ESTADO DE MINAS GERAIS";"ASSISTENCIA HOSPITALAR E AMBULATORIAL";20.342.495,23;20.155.421,21;20.059.319,11
2023;"ESSENCIAL A JUSTICA";"PROCURADORIA GERAL DE JUSTICA";"ADMINISTRACAO GERAL";1.259.808.035,05;1.188.013.452,41;1.168.201.657,85
2023;"ESSENCIAL A JUSTICA";"FUNDO ESPECIAL DO MINISTERIO PUBLICO DO ESTADO DE MINAS GERAIS";"ADMINISTRACAO GERAL";23.389.255,22;12.205.391,70;12.001.717,88
2023;ADMINISTRACAO;"EMPRESA DE PESQUISA AGROPECUARIA DE MINAS GERAIS";"ADMINISTRACAO GERAL";15.041.839,39;15.041.839,39;15.041.839,39
2023;ADMINISTRACAO;"SECRETARIA DE ESTADO DE MEIO AMBIENTE E DESENVOLVIMENTO SUSTENTAVEL";"ADMINISTRACAO GERAL";52.246.776,91;51.563.431,46;50.171.749,67
2023;ADMINISTRACAO;"FUNDACAO EDUCACIONAL CAIO MARTINS";"ADMINISTRACAO GERAL";4.073.306,12;3.937.929,64;3.904.922,98
2023;ADMINISTRACAO;"SECRETARIA DE ESTADO DE FAZENDA";"ADMINISTRACAO GERAL";81.334.621,32;78.763.469,41;78.286.485,45
2023;ADMINISTRACAO;"LOTERIA DO ESTADO DE MINAS GERAIS";"ADMINISTRACAO GERAL";830.224,79;794.489,51;789.717,13
2023;ADMINISTRACAO;"AGENCIA DE DESENVOLVIMENTO DA REGIAO METROPOLITANA DO VALE DO ACO";"ADMINISTRACAO GERAL";698.486,43;687.908,39;688.083,11
2023;ADMINISTRACAO;"EMPRESA MINEIRA DE COMUNICACAO";"ADMINISTRACAO GERAL";3.482.719,66;3.482.719,66;3.482.719,66
2023;LEGISLATIVA;"INSTITUTO DE PREVIDENCIA DO LEGISLATIVO DO ESTADO DE MINAS GERAIS";"ADMINISTRACAO GERAL";2.554.531,72;2.554.531,72;2.554.531,72
2023;"SEGURANCA PUBLICA";"POLICIA MILITAR DO ESTADO DE MINAS GERAIS";"ADMINISTRACAO GERAL";219.520.500,03;218.670.801,90;217.893.027,15
2023;"ASSISTENCIA SOCIAL";"SECRETARIA DE ESTADO DE DESENVOLVIMENTO SOCIAL";"ASSISTENCIA COMUNITARIA";33.079.099,13;32.711.697,79;32.711.697,79
2023;AGRICULTURA;"INSTITUTO DE DESENVOLVIMENTO DO NORTE E NORDESTE DE MINAS GERAIS";"RECURSOS HIDRICOS";35.034.974,61;35.024.837,31;34.914.356,60
2023;AGRICULTURA;"SECRETARIA DE ESTADO DE AGRICULTURA, PECUARIA E ABASTECIMENTO - SEAPA";ABASTECIMENTO;777.301,13;772.926,42;772.926,42
2023;JUDICIARIA;"FUNDO ESPECIAL DO PODER JUDICIARIO DO ESTADO DE MINAS GERAIS";"FORMACAO DE RECURSOS HUMANOS";4.466.015,54;3.813.098,11;3.784.907,75
2023;ADMINISTRACAO;"EGE-SECRETARIA DE ESTADO DE PLANEJAMENTO E GESTAO";"PREVIDENCIA ESPECIAL";152.555.002,27;152.555.002,27;152.555.002,27
2023;"GESTAO AMBIENTAL";"FUNDACAO ESTADUAL DO MEIO AMBIENTE";"PRESERVACAO E CONSERVACAO AMBIENTAL";9.171.563,36;8.805.824,32;8.612.522,73
2023;URBANISMO;"SECRETARIA DE ESTADO DE DESENVOLVIMENTO ECONOMICO";"SERVICOS URBANOS";221.675,45;215.292,46;215.292,46
2023;"DIREITOS DA CIDADANIA";"OUVIDORIA-GERAL DO ESTADO DE MINAS GERAIS";"DIREITOS INDIVIDUAIS, COLETIVOS E DIFUSOS";4.353.333,01;4.205.944,58;4.157.611,11
2023;SAUDE;"FUNDO ESTADUAL DE SAUDE";"SUPORTE PROFILATICO E TERAPEUTICO";616.255.317,23;506.320.824,55;440.329.155,00
2023;"GESTAO AMBIENTAL";"INSTITUTO ESTADUAL DE FLORESTAS";"RECUPERACAO DE AREAS DEGRADADAS";12.482.925,42;12.326.174,62;12.031.800,92
2023;SAUDE;"FUNDO ESTADUAL DE SAUDE";"VIGILANCIA SANITARIA";47.248.274,15;38.234.942,71;38.232.453,84
2023;"SEGURANCA PUBLICA";"GABINETE MILITAR DO GOVERNADOR DO ESTADO DE MINAS GERAIS";"TRANSPORTE AEREO";9.587.924,67;7.134.449,77;6.634.751,41
2023;"ENCARGOS ESPECIAIS";"INSTITUTO DE PREVIDENCIA DOS SERVIDORES DO ESTADO DE MINAS GERAIS";"OUTROS ENCARGOS ESPECIAIS";43.570.101,67;34.500.143,96;29.140.641,45
2023;"SEGURANCA PUBLICA";"POLICIA CIVIL DO ESTADO DE MINAS GERAIS";"INFORMACAO E INTELIGENCIA";17.636.931,00;12.911.285,43;12.199.966,46
2023;URBANISMO;"SECRETARIA DE ESTADO DE DESENVOLVIMENTO ECONOMICO";"ORDENAMENTO TERRITORIAL";3.324.409,41;887.351,33;886.062,36
2023;URBANISMO;"AGENCIA DE DESENVOLVIMENTO DA REGIAO METROPOLITANA DO VALE DO ACO";"ORDENAMENTO TERRITORIAL";2.645.038,35;1.807.984,06;1.698.095,72
2023;"COMERCIO E SERVICOS";"SECRETARIA DE ESTADO DE DESENVOLVIMENTO ECONOMICO";"COMERCIO EXTERIOR";443.181,20;420.776,90;420.450,34
2023;"PREVIDENCIA SOCIAL";"DEFENSORIA PUBLICA DO ESTADO DE MINAS GERAIS";"PREVIDENCIA DO REGIME ESTATUTARIO";107.924.994,43;107.924.994,43;107.924.994,43
2023;SAUDE;"FUNDO ESTADUAL DE SAUDE";"ASSISTENCIA HOSPITALAR E AMBULATORIAL";5.596.712.847,80;5.148.134.039,12;4.633.573.030,14
2023;AGRICULTURA;"EMPRESA DE PESQUISA AGROPECUARIA DE MINAS GERAIS";"DIFUSAO DO CONHECIMENTO CIENTIFICO E TECNOLOGICO";1.371.278,52;1.371.278,52;1.371.278,52
2023;TRANSPORTE;"FUNDO ESTADUAL DE DESENVOLVIMENTO DE TRANSPORTES";"OUTRAS TRANSFERENCIAS";20.500.000,00;9.351.512,18;9.351.512,18
2023;SAUDE;"CORPO DE BOMBEIROS MILITAR DO ESTADO DE MINAS GERAIS";"ATENCAO BASICA";3.054.269,08;556.448,03;416.976,73
2023;CULTURA;"SECRETARIA DE ESTADO DE CULTURA E TURISMO";"DIFUSAO CULTURAL";47.339.285,88;41.775.015,99;40.861.275,13
2023;SAUDE;"FUNDO ESTADUAL DE SAUDE";"FORMACAO DE RECURSOS HUMANOS";14.834.672,02;14.834.672,02;11.753.820,97
2023;TRANSPORTE;"FUNDO ESTADUAL DE DESENVOLVIMENTO DE TRANSPORTES";"ADMINISTRACAO DE RECEITAS";17.319.784,49;10.303.756,38;10.038.693,41
2023;"GESTAO AMBIENTAL";"INSTITUTO ESTADUAL DE FLORESTAS";"PRESERVACAO E CONSERVACAO AMBIENTAL";58.287.384,34;54.032.442,65;49.888.761,32
2023;"SEGURANCA PUBLICA";"POLICIA CIVIL DO ESTADO DE MINAS GERAIS";"DIREITOS INDIVIDUAIS, COLETIVOS E DIFUSOS";47.392.811,39;45.689.415,09;45.517.267,20
2023;"COMERCIO E SERVICOS";"LOTERIA DO ESTADO DE MINAS GERAIS";COMERCIALIZACAO;1.764.586,12;1.745.939,51;1.745.797,51
2023;EDUCACAO;"POLICIA CIVIL DO ESTADO DE MINAS GERAIS";"EDUCACAO BASICA";4.654.654,07;4.477.311,57;4.451.207,19
2023;"DIREITOS DA CIDADANIA";"FUNDO PARA A INFANCIA E A ADOLESCENCIA";"ASSISTENCIA A CRIANCA E AO ADOLESCENTE";2.149.801,64;1.071.579,68;1.071.579,68
2023;"ENCARGOS ESPECIAIS";"FUNDACAO ESTADUAL DO MEIO AMBIENTE";"OUTROS ENCARGOS ESPECIAIS";1.361.797,23;1.361.797,23;1.217.314,44
2023;"ENCARGOS ESPECIAIS";"INSTITUTO DE PREVIDENCIA DOS SERVIDORES MILITARES DO ESTADO DE MINAS GERAIS";"OUTROS ENCARGOS ESPECIAIS";13.302.562,94;13.209.425,39;12.074.173,24
2023;SANEAMENTO;"AGENCIA REGULADORA DE SERVICOS DE ABASTECIMENTO DE AGUA E DE ESGOTAMENTO SANITARIO DO ESTADO DE MINA";"NORMATIZACAO E FISCALIZACAO";8.969.119,11;8.515.445,60;8.502.459,24
2023;"PREVIDENCIA SOCIAL";"TRIBUNAL DE JUSTICA MILITAR DO ESTADO DE MINAS GERAIS";"PREVIDENCIA DO REGIME ESTATUTARIO";25.886.319,48;25.886.319,48;25.886.319,48
2023;"PREVIDENCIA SOCIAL";"FUNDO DE ASSISTENCIA AO PECULIO DOS SERVIDORES DO ESTADO DE MINAS GERAIS";"PREVIDENCIA DO REGIME ESTATUTARIO";70.858.137,49;57.235.533,33;57.230.329,98
2023;"COMERCIO E SERVICOS";"PARTICIPACAO NO AUMENTO DO CAPITAL SOCIAL DE EMPRESAS";"SERVICOS FINANCEIROS";29.606,85;29.606,85;29.606,85
2023;ADMINISTRACAO;"INSTITUTO DE METROLOGIA E QUALIDADE DO ESTADO DE MINAS GERAIS";"ADMINISTRACAO GERAL";7.462.381,92;7.269.970,83;6.805.255,04
2023;EDUCACAO;"UNIVERSIDADE ESTADUAL DE MONTES CLAROS";"ADMINISTRACAO GERAL";17.996.516,80;16.058.579,42;15.329.499,99
2023;LEGISLATIVA;"TRIBUNAL DE CONTAS DO ESTADO DE MINAS GERAIS";"ADMINISTRACAO GERAL";81.100.186,87;69.196.743,88;57.925.521,61
2023;CULTURA;"FUNDO ESTADUAL DE CULTURA";"DIFUSAO CULTURAL";905.069,61;905.069,61;811.629,61
2023;EDUCACAO;"UNIVERSIDADE ESTADUAL DE MONTES CLAROS";"ENSINO SUPERIOR";189.709.123,43;185.750.108,91;185.220.164,20
2023;SAUDE;"INSTITUTO DE PREVIDENCIA DOS SERVIDORES DO ESTADO DE MINAS GERAIS";"ENSINO PROFISSIONAL";10.391.111,75;10.282.211,75;10.282.211,75
2023;EDUCACAO;"SECRETARIA DE ESTADO DE EDUCACAO";"ENSINO PROFISSIONAL";837.699.109,78;573.201.942,18;563.176.937,67
2023;"RELACOES EXTERIORES";"SECRETARIA DE ESTADO DE DESENVOLVIMENTO ECONOMICO";"COOPERACAO INTERNACIONAL";246.605,33;207.753,45;207.450,90
2023;"COMERCIO E SERVICOS";"SECRETARIA DE ESTADO DE DESENVOLVIMENTO ECONOMICO";"PROMOCAO COMERCIAL";3.084.897,73;2.936.672,32;2.936.805,02
2023;ENERGIA;"SECRETARIA DE ESTADO DE DESENVOLVIMENTO ECONOMICO";BIOCOMBUSTIVEIS;197.824,61;135.121,07;134.944,87
2023;"ENCARGOS ESPECIAIS";"FUNDACAO CLOVIS SALGADO";"OUTROS ENCARGOS ESPECIAIS";256.083,99;256.083,99;227.659,99
2023;"ENCARGOS ESPECIAIS";"INSTITUTO DE DESENVOLVIMENTO DO NORTE E NORDESTE DE MINAS GERAIS";"OUTROS ENCARGOS ESPECIAIS";25.791,85;25.791,85;25.791,85
2023;URBANISMO;"FUNDO DE DESENVOLVIMENTO METROPOLITANO";"ORDENAMENTO TERRITORIAL";642.263,80;117.876,60;111.786,29
2023;"COMERCIO E SERVICOS";"INSTITUTO DE METROLOGIA E QUALIDADE DO ESTADO DE MINAS GERAIS";"NORMATIZACAO E FISCALIZACAO";16.712.529,77;16.363.287,84;16.175.357,71
2023;"PREVIDENCIA SOCIAL";"TRIBUNAL DE CONTAS DO ESTADO DE MINAS GERAIS";"PREVIDENCIA DO REGIME ESTATUTARIO";285.308.012,07;285.308.012,07;285.308.012,07
2023;ADMINISTRACAO;"SECRETARIA DE ESTADO DE COMUNICACAO SOCIAL";"ADMINISTRACAO GERAL";2.300.700,89;2.052.416,43;2.049.977,00
2023;"COMERCIO E SERVICOS";"JUNTA COMERCIAL DO ESTADO DE MINAS GERAIS";"ADMINISTRACAO GERAL";517.059,53;486.504,88;486.504,88
2023;"ENCARGOS ESPECIAIS";"EGE SEC.FAZENDA-ENCARGOS DIVERSOS";"OUTRAS TRANSFERENCIAS";8.420.093,00;7.721.202,37;7.721.202,37
2023;SAUDE;"FUNDO ESTADUAL DE SAUDE";"ATENCAO BASICA";843.774.238,43;645.499.497,17;637.725.138,90
2023;"GESTAO AMBIENTAL";"INSTITUTO MINEIRO DE GESTAO DAS AGUAS";"RECURSOS HIDRICOS";61.163.896,25;59.964.955,26;59.497.977,33
2023;AGRICULTURA;"SECRETARIA DE ESTADO DE AGRICULTURA, PECUARIA E ABASTECIMENTO - SEAPA";IRRIGACAO;1.251.477,83;450.995,08;450.995,08
2023;"SEGURANCA PUBLICA";"FUNDO PENITENCIARIO ESTADUAL";"CUSTODIA E REINTEGRACAO SOCIAL";35.964.256,58;18.026.799,12;13.679.410,06
2023;"ESSENCIAL A JUSTICA";"PROCURADORIA GERAL DE JUSTICA";"DEFESA DO INTERESSE PUBLICO NO PROCESSO JUDICIARIO";908.646.445,46;905.919.477,53;905.927.699,69
2023;EDUCACAO;"SECRETARIA DE ESTADO DE EDUCACAO";"EDUCACAO ESPECIAL";957.594.340,91;957.464.740,91;957.464.740,91
2023;EDUCACAO;"FUNDACAO CLOVIS SALGADO";"ENSINO PROFISSIONAL";3.707.115,42;3.664.971,30;3.649.557,65
2023;TRABALHO;"SECRETARIA DE ESTADO DE DESENVOLVIMENTO SOCIAL";"ENSINO PROFISSIONAL";1.830.411,55;1.645.444,31;1.639.105,87
2023;"GESTAO AMBIENTAL";"FUNDO DE RECUPERACAO, PROTECAO E DESENVOLVIMENTO SUSTENTAVEL DAS BACIAS HIDROGRAFICAS DO ESTADO DE M";"PRESERVACAO E CONSERVACAO AMBIENTAL";443.247,47;443.247,47;376.190,87
2023;"SEGURANCA PUBLICA";"GABINETE MILITAR DO GOVERNADOR DO ESTADO DE MINAS GERAIS";"TRANSPORTE RODOVIARIO";1.779.067,05;1.664.363,83;1.657.810,18
2023;"COMERCIO E SERVICOS";"SECRETARIA DE ESTADO DE GOVERNO";COMERCIALIZACAO;356.247,70;56.649,20;55.495,59
2023;AGRICULTURA;"EMPRESA DE ASSISTENCIA TECNICA E EXTENSAO RURAL DO ESTADO DE MINAS GERAIS";"PROMOCAO DA PRODUCAO AGROPECUARIA";8.548.507,50;8.548.507,50;8.548.507,50
2023;ADMINISTRACAO;"SECRETARIA DE ESTADO DE GOVERNO";"COMUNICACAO SOCIAL";1.651.512,22;964.648,03;961.396,12
2023;EDUCACAO;"SECRETARIA DE ESTADO DE JUSTICA E SEGURANCA PUBLICA";"ASSISTENCIA A CRIANCA E AO ADOLESCENTE";61.636.883,75;61.636.883,75;61.630.758,95
2023;"ENCARGOS ESPECIAIS";"INSTITUTO ESTADUAL DO PATRIMONIO HISTORICO E ARTISTICO DE MINAS GERAIS";"OUTROS ENCARGOS ESPECIAIS";120.026,42;120.026,42;112.237,42
2023;"SEGURANCA PUBLICA";"SECRETARIA DE ESTADO DE PLANEJAMENTO E GESTAO";"NORMATIZACAO E FISCALIZACAO";96.231.940,75;61.107.432,79;52.466.637,29
2023;"SEGURANCA PUBLICA";"POLICIA MILITAR DO ESTADO DE MINAS GERAIS";"PREVIDENCIA DO REGIME ESTATUTARIO";5.823.899.710,62;5.823.899.710,62;5.823.899.710,62
2023;ADMINISTRACAO;"GABINETE MILITAR DO GOVERNADOR DO ESTADO DE MINAS GERAIS";"ADMINISTRACAO GERAL";7.003.644,30;6.886.808,31;6.369.403,33
2023;ADMINISTRACAO;"INSTITUTO ESTADUAL DE FLORESTAS";"ADMINISTRACAO GERAL";75.594.253,08;74.614.087,21;73.869.942,63
2023;SAUDE;"ESCOLA DE SAUDE PUBLICA DO ESTADO DE MINAS GERAIS";"ADMINISTRACAO GERAL";3.993.554,04;3.588.157,39;3.338.447,84
2023;"SEGURANCA PUBLICA";"CORPO DE BOMBEIROS MILITAR DO ESTADO DE MINAS GERAIS";"ADMINISTRACAO GERAL";1.992.235,59;1.992.235,59;1.992.235,59
2023;INDUSTRIA;"SECRETARIA DE ESTADO DE DESENVOLVIMENTO ECONOMICO";MINERACAO;3.481.927,47;2.123.559,82;2.094.441,74
2023;ADMINISTRACAO;"SECRETARIA DE ESTADO DE INFRAESTRUTURA, MOBILIDADE E PARCERIAS";"ADMINISTRACAO DE CONCESSOES";4.808.967,12;4.383.346,92;4.313.407,14
2023;"SEGURANCA PUBLICA";"SECRETARIA DE ESTADO DE JUSTICA E SEGURANCA PUBLICA";"CUSTODIA E REINTEGRACAO SOCIAL";2.372.756.095,50;2.284.074.547,92;2.271.212.243,75
2023;"ESSENCIAL A JUSTICA";"DEFENSORIA PUBLICA DO ESTADO DE MINAS GERAIS";"FORMACAO DE RECURSOS HUMANOS";219.473,91;164.589,13;162.562,16
2023;EDUCACAO;"SECRETARIA DE ESTADO DE EDUCACAO";"ALIMENTACAO E NUTRICAO";638.488.072,28;631.395.633,88;615.871.848,63
2023;"SEGURANCA PUBLICA";"SECRETARIA DE ESTADO DE JUSTICA E SEGURANCA PUBLICA";"ENSINO PROFISSIONAL";15.423.135,02;8.404.200,46;7.461.042,60
2023;AGRICULTURA;"EMPRESA DE PESQUISA AGROPECUARIA DE MINAS GERAIS";"DESENVOLVIMENTO CIENTIFICO";11.234.045,00;11.234.045,00;11.234.045,00
2023;SAUDE;"FUNDACAO EZEQUIEL DIAS";"DESENVOLVIMENTO CIENTIFICO";22.704.924,95;16.339.026,35;15.721.896,05
2023;SAUDE;"ESCOLA DE SAUDE PUBLICA DO ESTADO DE MINAS GERAIS";"DESENVOLVIMENTO CIENTIFICO";2.439.826,97;2.316.923,84;2.250.304,30
2023;EDUCACAO;"FUNDACAO DE EDUCACAO PARA O TRABALHO DE MINAS GERAIS";EMPREGABILIDADE;4.472.989,30;3.254.795,70;2.976.710,54
2023;AGRICULTURA;"INSTITUTO MINEIRO DE AGROPECUARIA";"VIGILANCIA SANITARIA";25.568.368,48;23.836.723,49;23.805.912,61
2023;"ENCARGOS ESPECIAIS";"FUNDACAO EZEQUIEL DIAS";"OUTROS ENCARGOS ESPECIAIS";3.910.798,31;3.906.693,41;3.724.099,96
2023;"ENCARGOS ESPECIAIS";"INSTITUTO MINEIRO DE AGROPECUARIA";"OUTROS ENCARGOS ESPECIAIS";2.062.928,69;2.062.928,69;1.914.113,51
2023;"ENCARGOS ESPECIAIS";"INSTITUTO DE METROLOGIA E QUALIDADE DO ESTADO DE MINAS GERAIS";"OUTROS ENCARGOS ESPECIAIS";67.647,33;67.647,33;67.647,33
2023;"GESTAO AMBIENTAL";"FUNDACAO ESTADUAL DO MEIO AMBIENTE";"CONTROLE AMBIENTAL";381.034,02;377.701,02;377.701,02
2023;"SEGURANCA PUBLICA";"POLICIA CIVIL DO ESTADO DE MINAS GERAIS";"NORMATIZACAO E FISCALIZACAO";199.831.658,74;199.284.579,14;196.495.050,11
2023;"PREVIDENCIA SOCIAL";"ASSEMBLEIA LEGISLATIVA DO ESTADO DE MINAS GERAIS";"PREVIDENCIA DO REGIME ESTATUTARIO";410.468.640,10;410.468.640,10;410.485.280,11
2023;ADMINISTRACAO;"CONTROLADORIA-GERAL DO ESTADO";"CONTROLE INTERNO";40.513.232,83;40.139.394,99;40.092.124,75
2023;SAUDE;"FUNDACAO EZEQUIEL DIAS";"DIFUSAO DO CONHECIMENTO CIENTIFICO E TECNOLOGICO";3.581.950,27;3.174.186,26;3.093.715,89
2023;AGRICULTURA;"EMPRESA DE ASSISTENCIA TECNICA E EXTENSAO RURAL DO ESTADO DE MINAS GERAIS";"EXTENSAO RURAL";232.987.964,36;232.987.964,36;232.987.964,36
2023;EDUCACAO;"FUNDACAO JOAO PINHEIRO";"ENSINO SUPERIOR";18.951.380,76;16.911.542,05;16.098.292,48
2023;ADMINISTRACAO;"SECRETARIA DE ESTADO DE DESENVOLVIMENTO SOCIAL";"FORMACAO DE RECURSOS HUMANOS";8.157.398,92;7.816.767,91;7.703.446,63
2023;ADMINISTRACAO;"SECRETARIA DE ESTADO DE FAZENDA";"ADMINISTRACAO DE RECEITAS";912.480.500,74;903.758.198,14;901.803.558,41
2023;HABITACAO;"FUNDO DE APOIO HABITACIONAL AOS MILITARES DO ESTADO DE MINAS GERAIS";"HABITACAO URBANA";362.500,00;282.088,67;278.071,18
2023;EDUCACAO;"POLICIA MILITAR DO ESTADO DE MINAS GERAIS";"ENSINO MEDIO";19.392.097,97;19.161.342,99;19.147.140,73
2023;"ASSISTENCIA SOCIAL";"SECRETARIA DE ESTADO DE DESENVOLVIMENTO SOCIAL";"DIREITOS INDIVIDUAIS, COLETIVOS E DIFUSOS";3.033.112,90;3.013.697,49;2.958.124,26
2023;SAUDE;"FUNDACAO EZEQUIEL DIAS";"SUPORTE PROFILATICO E TERAPEUTICO";251.292.011,05;139.116.737,95;77.840.279,41
2023;"DESPORTO E LAZER";"SECRETARIA DE ESTADO DE CULTURA E TURISMO";TURISMO;817.300,00;317.300,00;305.435,00
2023;EDUCACAO;"SECRETARIA DE ESTADO DE EDUCACAO";"ENSINO FUNDAMENTAL";5.844.256.087,72;5.816.735.388,83;5.801.300.827,74
2023;AGRICULTURA;"INSTITUTO DE DESENVOLVIMENTO DO NORTE E NORDESTE DE MINAS GERAIS";"PROMOCAO DA PRODUCAO AGROPECUARIA";4.632.943,70;494.209,42;494.277,67
2023;ADMINISTRACAO;"SECRETARIA DE ESTADO DE PLANEJAMENTO E GESTAO";"TECNOLOGIA DA INFORMACAO";21.056.548,50;17.262.607,81;14.694.371,54
2023;EDUCACAO;"SECRETARIA DE ESTADO DE EDUCACAO";"EDUCACAO BASICA";1.612.820.577,32;1.268.957.485,61;1.173.023.817,83
2023;"SEGURANCA PUBLICA";"SECRETARIA DE ESTADO DE JUSTICA E SEGURANCA PUBLICA";"ASSISTENCIA A CRIANCA E AO ADOLESCENTE";199.555.847,03;189.058.311,21;187.444.539,66
2023;SAUDE;"INSTITUTO DE PREVIDENCIA DOS SERVIDORES DO ESTADO DE MINAS GERAIS";"VIGILANCIA EPIDEMIOLOGICA";365.000,00;236.000,00;225.380,00
2023;"ENCARGOS ESPECIAIS";"INSTITUTO ESTADUAL DE FLORESTAS";"OUTROS ENCARGOS ESPECIAIS";922.104,49;823.933,01;778.750,03
2023;URBANISMO;"AGENCIA DE DESENVOLVIMENTO DA REGIAO METROPOLITANA DE BELO HORIZONTE";"ORDENAMENTO TERRITORIAL";3.428.675,42;2.195.950,74;2.183.621,61
2023;"COMERCIO E SERVICOS";"JUNTA COMERCIAL DO ESTADO DE MINAS GERAIS";"NORMATIZACAO E FISCALIZACAO";20.553.222,33;18.169.509,31;17.919.992,34
2023;ADMINISTRACAO;"AGENCIA REGULADORA DE SERVICOS DE ABASTECIMENTO DE AGUA E DE ESGOTAMENTO SANITARIO DO ESTADO DE MINA";"ADMINISTRACAO GERAL";4.622.836,28;4.386.696,26;4.304.507,79
2023;ADMINISTRACAO;"FUNDACAO CLOVIS SALGADO";"ADMINISTRACAO GERAL";11.161.297,81;10.297.139,41;9.588.712,58
2023;ADMINISTRACAO;"SECRETARIA DE ESTADO DE DESENVOLVIMENTO SOCIAL";"ADMINISTRACAO GERAL";25.489.716,46;25.292.719,24;24.899.023,57
2023;ADMINISTRACAO;"CONTROLADORIA-GERAL DO ESTADO";"ADMINISTRACAO GERAL";5.893.958,92;5.759.414,41;5.630.425,90
2023;ADMINISTRACAO;"SECRETARIA DE ESTADO DA CASA CIVIL";"ADMINISTRACAO GERAL";2.227.268,34;1.999.440,56;1.997.103,01
2023;ADMINISTRACAO;"FUNDACAO JOAO PINHEIRO";"ADMINISTRACAO GERAL";11.403.583,42;11.010.155,13;10.945.295,01
2023;ADMINISTRACAO;"FUNDO FINANCEIRO DE PREVIDENCIA DO ESTADO DE MINAS GERAIS";"ADMINISTRACAO GERAL";8.077.372,52;5.435.277,67;4.976.093,15
2023;SAUDE;"INSTITUTO DE PREVIDENCIA DOS SERVIDORES MILITARES DO ESTADO DE MINAS GERAIS";"ADMINISTRACAO GERAL";50.575.884,22;37.583.427,59;34.532.138,22
2023;"SEGURANCA PUBLICA";"POLICIA MILITAR DO ESTADO DE MINAS GERAIS";POLICIAMENTO;3.605.098.693,83;3.520.945.607,05;3.490.059.506,39
2023;CULTURA;"FUNDACAO DE ARTE DE OURO PRETO";"PATRIMONIO HISTORICO, ARTISTICO E ARQUEOLOGICO";121.213,08;111.869,87;111.869,87
2023;"SEGURANCA PUBLICA";"CORPO DE BOMBEIROS MILITAR DO ESTADO DE MINAS GERAIS";"FORMACAO DE RECURSOS HUMANOS";16.369.994,85;16.192.956,31;16.139.095,25
2023;ADMINISTRACAO;"SECRETARIA DE ESTADO DE PLANEJAMENTO E GESTAO";"PLANEJAMENTO E ORCAMENTO";11.083.803,51;10.686.560,98;10.620.229,10
2023;CULTURA;"FUNDACAO TV MINAS CULTURAL E EDUCATIVA";TELECOMUNICACOES;5.521.239,68;5.093.487,20;5.074.799,07
2023;"CIENCIA E TECNOLOGIA";"EMPRESA DE PESQUISA AGROPECUARIA DE MINAS GERAIS";"DESENVOLVIMENTO CIENTIFICO";43.617.231,83;43.617.231,83;43.617.231,83
2023;URBANISMO;"SECRETARIA DE ESTADO DE INFRAESTRUTURA, MOBILIDADE E PARCERIAS";"INFRA-ESTRUTURA URBANA";273.989.376,90;231.666.234,44;218.564.862,35
2023;SAUDE;"FUNDO ESTADUAL DE SAUDE";"VIGILANCIA EPIDEMIOLOGICA";256.603.625,57;217.887.680,55;213.513.112,05
2023;"ENCARGOS ESPECIAIS";"JUNTA COMERCIAL DO ESTADO DE MINAS GERAIS";"OUTROS ENCARGOS ESPECIAIS";1.300.936,53;1.300.936,53;1.275.512,73
2023;ADMINISTRACAO;"INSTITUTO MINEIRO DE AGROPECUARIA";"ADMINISTRACAO GERAL";125.188.612,19;122.456.836,60;122.241.385,15
2023;ADMINISTRACAO;"AGENCIA DE DESENVOLVIMENTO DA REGIAO METROPOLITANA DE BELO HORIZONTE";"ADMINISTRACAO GERAL";2.000.261,88;1.930.946,21;1.884.981,64
2023;ADMINISTRACAO;"SECRETARIA DE ESTADO DE GOVERNO";"ADMINISTRACAO GERAL";522.426.530,01;502.974.099,98;500.976.858,10
2023;ADMINISTRACAO;"ADVOCACIA GERAL DO ESTADO";"ADMINISTRACAO GERAL";34.177.740,74;32.580.742,72;32.365.741,52
2023;EDUCACAO;"UNIVERSIDADE DO ESTADO DE MINAS GERAIS";"ADMINISTRACAO GERAL";621.461,90;438.550,61;437.065,24
2023;"ASSISTENCIA SOCIAL";"INSTITUTO DE PREVIDENCIA DOS SERVIDORES DO ESTADO DE MINAS GERAIS";"ASSISTENCIA COMUNITARIA";921.564,00;806.844,10;806.844,10
2023;AGRICULTURA;"SECRETARIA DE ESTADO DE AGRICULTURA, PECUARIA E ABASTECIMENTO - SEAPA";"RECURSOS HIDRICOS";2.371.162,26;2.292.946,49;2.178.073,94
2023;"COMERCIO E SERVICOS";"SECRETARIA DE ESTADO DE DESENVOLVIMENTO ECONOMICO";"ENERGIA ELETRICA";446.604,28;443.658,23;443.405,48
2023;"DIREITOS DA CIDADANIA";"SECRETARIA DE ESTADO DE DESENVOLVIMENTO SOCIAL";"ALIMENTACAO E NUTRICAO";1.728.751,75;1.074.867,33;1.076.546,24
2023;ADMINISTRACAO;"FUNDACAO JOAO PINHEIRO";"PLANEJAMENTO E ORCAMENTO";17.610.488,02;16.963.683,87;16.920.625,34
2023;EDUCACAO;"UNIVERSIDADE ESTADUAL DE MONTES CLAROS";"ENSINO PROFISSIONAL";7.669.536,75;5.818.760,99;5.208.009,45
2023;"DIREITOS DA CIDADANIA";"SECRETARIA DE ESTADO DE DESENVOLVIMENTO SOCIAL";"DIREITOS INDIVIDUAIS, COLETIVOS E DIFUSOS";22.056.715,68;21.644.376,46;21.402.330,40
2023;TRANSPORTE;"SECRETARIA DE ESTADO DE INFRAESTRUTURA, MOBILIDADE E PARCERIAS";"TRANSPORTE FERROVIARIO";470.156.273,05;81.032.769,87;81.032.769,87
2023;AGRICULTURA;"SECRETARIA DE ESTADO DE AGRICULTURA, PECUARIA E ABASTECIMENTO - SEAPA";"PROMOCAO DA PRODUCAO AGROPECUARIA";77.008.452,74;65.290.546,31;65.182.898,87
2023;"SEGURANCA PUBLICA";"CORPO DE BOMBEIROS MILITAR DO ESTADO DE MINAS GERAIS";"PREVIDENCIA DO REGIME ESTATUTARIO";473.038.605,87;473.038.605,87;473.038.605,87
2023;ADMINISTRACAO;"JUNTA COMERCIAL DO ESTADO DE MINAS GERAIS";"ADMINISTRACAO GERAL";3.391.977,73;3.266.215,42;3.250.484,84
2023;ADMINISTRACAO;"DEPARTAMENTO DE EDIFICACOES E ESTRADAS DE RODAGEM DO ESTADO DE MINAS GERAIS";"ADMINISTRACAO GERAL";99.395.414,11;89.135.865,56;87.377.204,21
2023;"ASSISTENCIA SOCIAL";"FUNDO ESTADUAL DE ASSISTENCIA SOCIAL";"ASSISTENCIA COMUNITARIA";103.065.956,00;73.288.604,28;71.366.708,52
2023;CULTURA;"FUNDACAO DE ARTE DE OURO PRETO";"DIFUSAO CULTURAL";1.839.336,87;1.742.674,16;1.732.283,92
2023;EDUCACAO;"EMPRESA DE PESQUISA AGROPECUARIA DE MINAS GERAIS";"ENSINO SUPERIOR";18.954.838,47;18.954.838,47;18.954.838,47
2023;CULTURA;"INSTITUTO ESTADUAL DO PATRIMONIO HISTORICO E ARTISTICO DE MINAS GERAIS";"PATRIMONIO HISTORICO, ARTISTICO E ARQUEOLOGICO";6.973.450,62;6.580.181,07;6.527.155,07
2023;LEGISLATIVA;"TRIBUNAL DE CONTAS DO ESTADO DE MINAS GERAIS";"CONTROLE EXTERNO";448.309.837,12;447.807.265,43;448.626.472,12
2023;EDUCACAO;"SECRETARIA DE ESTADO DE EDUCACAO";"TRANSPORTE RODOVIARIO";763.772.593,07;752.648.321,62;752.621.827,50
2023;EDUCACAO;"SECRETARIA DE ESTADO DE EDUCACAO";"EDUCACAO INFANTIL";2.370.767,02;2.370.767,02;2.370.767,02
2023;EDUCACAO;"SECRETARIA DE ESTADO DE EDUCACAO";"EDUCACAO DE JOVENS E ADULTOS";97.521.152,78;97.366.607,24;97.366.607,24
2023;"DESPORTO E LAZER";"SECRETARIA DE ESTADO DE DESENVOLVIMENTO SOCIAL";"EDUCACAO DE JOVENS E ADULTOS";9.220.855,27;9.198.529,97;8.990.584,39
2023;ADMINISTRACAO;"OUVIDORIA-GERAL DO ESTADO DE MINAS GERAIS";"TECNOLOGIA DA INFORMACAO";514.944,36;433.745,88;427.805,07
2023;"ENCARGOS ESPECIAIS";"FUNDO DE ASSISTENCIA AO PECULIO DOS SERVIDORES DO ESTADO DE MINAS GERAIS";"OUTROS ENCARGOS ESPECIAIS";1.489.026,78;1.489.026,78;1.397.285,65
2023;"ENCARGOS ESPECIAIS";"FUNDO FINANCEIRO DE PREVIDENCIA DO ESTADO DE MINAS GERAIS";"OUTROS ENCARGOS ESPECIAIS";736.040,85;736.040,85;697.673,32
2023;SAUDE;"INSTITUTO DE PREVIDENCIA DOS SERVIDORES MILITARES DO ESTADO DE MINAS GERAIS";"ASSISTENCIA HOSPITALAR E AMBULATORIAL";701.673.576,64;687.036.902,64;671.838.535,04
2023;JUDICIARIA;"FUNDO ESPECIAL DO PODER JUDICIARIO DO ESTADO DE MINAS GERAIS";"ACAO JUDICIARIA";1.542.391.426,92;1.326.949.502,33;1.206.182.959,58
2023;"CIENCIA E TECNOLOGIA";"SECRETARIA DE ESTADO DE DESENVOLVIMENTO ECONOMICO";"DIFUSAO DO CONHECIMENTO CIENTIFICO E TECNOLOGICO";2.702.356,19;2.503.315,68;2.449.888,52
2023;ADMINISTRACAO;"INSTITUTO DE DESENVOLVIMENTO DO NORTE E NORDESTE DE MINAS GERAIS";"ADMINISTRACAO GERAL";12.014.748,10;10.569.799,09;10.265.405,14
2023;ADMINISTRACAO;"FUNDACAO TV MINAS CULTURAL E EDUCATIVA";"ADMINISTRACAO GERAL";6.722.291,32;6.223.456,77;5.670.575,95
2023;SAUDE;"FUNDO ESTADUAL DE SAUDE";"ADMINISTRACAO GERAL";582.971.301,39;528.997.125,47;479.797.962,07
2023;"SEGURANCA PUBLICA";"SECRETARIA DE ESTADO DE JUSTICA E SEGURANCA PUBLICA";"ADMINISTRACAO GERAL";94.534.644,22;93.410.966,98;91.228.432,01
2023;EDUCACAO;"SECRETARIA DE ESTADO DE EDUCACAO";"ENSINO SUPERIOR";113.139.054,58;113.139.054,58;109.139.054,58
2023;"ORGANIZACAO AGRARIA";"SECRETARIA DE ESTADO DE AGRICULTURA, PECUARIA E ABASTECIMENTO - SEAPA";ABASTECIMENTO;5.917.947,21;3.479.039,92;3.198.855,82
2023;"ENCARGOS ESPECIAIS";"GESTAO DA DIVIDA PUBLICA ESTADUAL";"SERVICO DA DIVIDA INTERNA";1.917.194.543,65;1.917.194.443,65;1.726.087.352,40
2023;HABITACAO;"FUNDO DE APOIO HABITACIONAL DA ASSEMBLEIA LEGISLATIVA DE MINAS GERAIS";"HABITACAO URBANA";4.662.192,70;4.662.192,70;4.073.406,60
2023;"GESTAO AMBIENTAL";"SECRETARIA DE ESTADO DE MEIO AMBIENTE E DESENVOLVIMENTO SUSTENTAVEL";"PRESERVACAO E CONSERVACAO AMBIENTAL";11.159.821,35;11.155.751,29;11.154.341,45
2023;EDUCACAO;"FUNDACAO HELENA ANTIPOFF";"EDUCACAO BASICA";18.853.309,28;15.163.866,02;14.761.475,81
2023;"ENCARGOS ESPECIAIS";"FUNDACAO JOAO PINHEIRO";"OUTROS ENCARGOS ESPECIAIS";766.128,61;766.128,61;736.511,89
2023;"ENCARGOS ESPECIAIS";"DEPARTAMENTO DE EDIFICACOES E ESTRADAS DE RODAGEM DO ESTADO DE MINAS GERAIS";"OUTROS ENCARGOS ESPECIAIS";5.439.924,45;5.439.924,45;5.094.421,63
2023;"PREVIDENCIA SOCIAL";"PROCURADORIA GERAL DE JUSTICA";"PREVIDENCIA DO REGIME ESTATUTARIO";517.672.456,17;517.672.456,17;517.676.175,29
2023;SAUDE;"INSTITUTO DE PREVIDENCIA DOS SERVIDORES DO ESTADO DE MINAS GERAIS";"ASSISTENCIA HOSPITALAR E AMBULATORIAL";1.049.937.777,19;913.699.380,14;872.968.504,37
2023;SAUDE;"FUNDO ESTADUAL DE SAUDE";"ACAO JUDICIARIA";527.575.867,85;415.086.746,82;405.235.036,10
2023;"CIENCIA E TECNOLOGIA";"FUNDACAO DE AMPARO A PESQUISA DO ESTADO DE MINAS GERAIS";"DIFUSAO DO CONHECIMENTO CIENTIFICO E TECNOLOGICO";13.921.334,69;13.793.705,03;11.558.953,91
2023;ADMINISTRACAO;"EGE-SECRETARIA DE ESTADO DE PLANEJAMENTO E GESTAO";"ADMINISTRACAO GERAL";422.604,30;8.116,93;7.252,20
2023;ADMINISTRACAO;"INSTITUTO ESTADUAL DO PATRIMONIO HISTORICO E ARTISTICO DE MINAS GERAIS";"ADMINISTRACAO GERAL";6.520.449,22;5.735.027,79;5.453.806,26
2023;ADMINISTRACAO;"SECRETARIA DE ESTADO DE AGRICULTURA, PECUARIA E ABASTECIMENTO - SEAPA";"ADMINISTRACAO GERAL";18.598.556,77;17.709.022,74;17.223.322,43
2023;SAUDE;"FUNDACAO EZEQUIEL DIAS";"ADMINISTRACAO GERAL";36.767.269,48;33.999.099,95;32.894.210,74
2023;"CIENCIA E TECNOLOGIA";"FUNDACAO DE AMPARO A PESQUISA DO ESTADO DE MINAS GERAIS";"ADMINISTRACAO GERAL";25.865.484,69;21.926.612,59;19.491.799,88
2023;AGRICULTURA;"INSTITUTO MINEIRO DE AGROPECUARIA";"DEFESA AGROPECUARIA";42.016.567,52;40.576.032,58;40.451.625,02
2023;TRABALHO;"SECRETARIA DE ESTADO DE DESENVOLVIMENTO SOCIAL";"FOMENTO AO TRABALHO";6.690.274,42;6.636.124,79;6.487.246,17
2023;"SEGURANCA PUBLICA";"SECRETARIA DE ESTADO DE JUSTICA E SEGURANCA PUBLICA";POLICIAMENTO;64.716.192,50;58.679.207,53;48.616.710,10
2023;CULTURA;"INSTITUTO ESTADUAL DO PATRIMONIO HISTORICO E ARTISTICO DE MINAS GERAIS";"DIFUSAO CULTURAL";460.135,29;388.392,76;372.535,40
2023;"GESTAO AMBIENTAL";"FUNDO DE RECUPERACAO, PROTECAO E DESENVOLVIMENTO SUSTENTAVEL DAS BACIAS HIDROGRAFICAS DO ESTADO DE M";"RECURSOS HIDRICOS";1.442.349,95;1.041.123,92;896.893,80
2023;SAUDE;"SECRETARIA DE ESTADO DE JUSTICA E SEGURANCA PUBLICA";"CUSTODIA E REINTEGRACAO SOCIAL";111.538.174,35;105.043.571,05;104.596.542,28
2023;EDUCACAO;"FUNDACAO HELENA ANTIPOFF";"ENSINO MEDIO";5.669.721,60;5.610.079,59;5.607.121,60
2023;TRANSPORTE;"SECRETARIA DE ESTADO DE INFRAESTRUTURA, MOBILIDADE E PARCERIAS";"TRANSPORTE RODOVIARIO";1.500.000,00;0,00;0,00
2023;EDUCACAO;"POLICIA MILITAR DO ESTADO DE MINAS GERAIS";"ENSINO FUNDAMENTAL";133.519.443,79;133.088.658,21;132.808.435,65
2023;ADMINISTRACAO;"SECRETARIA DE ESTADO DE FAZENDA";"TECNOLOGIA DA INFORMACAO";123.595.877,89;93.208.623,95;82.744.070,70
2023;ADMINISTRACAO;"EGE SEC.FAZENDA-ENCARGOS DIVERSOS";"ADMINISTRACAO FINANCEIRA";20.000,00;9.819,03;9.819,03
2023;TRANSPORTE;"SECRETARIA DE ESTADO DE INFRAESTRUTURA, MOBILIDADE E PARCERIAS";"TRANSPORTE AEREO";6.075.712,67;4.231.585,66;4.121.327,12
2023;"ENCARGOS ESPECIAIS";"EGE SEC.FAZENDA-ENCARGOS DIVERSOS";"OUTROS ENCARGOS ESPECIAIS";732.737.161,00;592.168.020,67;592.168.020,67
2023;"ENCARGOS ESPECIAIS";"FUNDACAO HOSPITALAR DO ESTADO DE MINAS GERAIS";"OUTROS ENCARGOS ESPECIAIS";16.552.363,63;16.218.250,50;14.922.249,30
2023;"ENCARGOS ESPECIAIS";"UNIVERSIDADE ESTADUAL DE MONTES CLAROS";"OUTROS ENCARGOS ESPECIAIS";6.689.492,95;6.560.551,88;6.443.656,74
2023;"ENCARGOS ESPECIAIS";"LOTERIA DO ESTADO DE MINAS GERAIS";"OUTROS ENCARGOS ESPECIAIS";3.000,00;3.000,00;3.000,00
2023;"PREVIDENCIA SOCIAL";"INSTITUTO DE PREVIDENCIA DOS SERVIDORES MILITARES DO ESTADO DE MINAS GERAIS";"PREVIDENCIA DO REGIME ESTATUTARIO";1.483.013.062,43;1.482.160.501,67;924.794.168,95
2023;EDUCACAO;"UNIVERSIDADE ESTADUAL DE MONTES CLAROS";"ASSISTENCIA HOSPITALAR E AMBULATORIAL";113.630.219,37;104.572.074,86;100.024.087,77
2023;JUDICIARIA;"TRIBUNAL DE JUSTICA MILITAR DO ESTADO DE MINAS GERAIS";"ADMINISTRACAO GERAL";43.621.247,98;43.621.247,98;43.621.247,98
2023;ADMINISTRACAO;"SECRETARIA DE ESTADO DE DESENVOLVIMENTO ECONOMICO";"ADMINISTRACAO GERAL";12.764.113,62;12.438.511,42;12.386.918,40
2023;ADMINISTRACAO;"OUVIDORIA-GERAL DO ESTADO DE MINAS GERAIS";"ADMINISTRACAO GERAL";6.918.106,90;6.728.712,23;6.670.867,23
2023;ADMINISTRACAO;"SECRETARIA DE ESTADO DE INFRAESTRUTURA, MOBILIDADE E PARCERIAS";"ADMINISTRACAO GERAL";10.649.623,11;9.454.110,71;9.255.281,53
2023;SAUDE;"INSTITUTO DE PREVIDENCIA DOS SERVIDORES DO ESTADO DE MINAS GERAIS";"ADMINISTRACAO GERAL";134.316.335,31;113.355.271,64;110.189.656,97
2023;EDUCACAO;"FUNDACAO HELENA ANTIPOFF";"ASSISTENCIA COMUNITARIA";483,00;0,00;0,00
2023;TRABALHO;"FUNDO ESTADUAL DO TRABALHO DE MINAS GERAIS";"FOMENTO AO TRABALHO";274.851,22;49.482,40;48.818,98
2023;CULTURA;"SECRETARIA DE ESTADO DE CULTURA E TURISMO";"PATRIMONIO HISTORICO, ARTISTICO E ARQUEOLOGICO";1.983.862,28;1.901.067,43;1.901.009,71
2023;LEGISLATIVA;"TRIBUNAL DE CONTAS DO ESTADO DE MINAS GERAIS";"FORMACAO DE RECURSOS HUMANOS";1.942.709,09;1.523.431,50;1.506.059,05
2023;EDUCACAO;"CORPO DE BOMBEIROS MILITAR DO ESTADO DE MINAS GERAIS";"ENSINO PROFISSIONAL";999,95;999,95;999,95
2023;"COMERCIO E SERVICOS";"SECRETARIA DE ESTADO DE CULTURA E TURISMO";TURISMO;7.655.183,81;6.228.364,81;6.199.248,82
2023;"CIENCIA E TECNOLOGIA";"FUNDACAO DE AMPARO A PESQUISA DO ESTADO DE MINAS GERAIS";"DESENVOLVIMENTO CIENTIFICO";263.353.887,10;245.809.475,84;227.440.924,01
2023;ADMINISTRACAO;"SECRETARIA DE ESTADO DE FAZENDA";"ADMINISTRACAO FINANCEIRA";105.894.754,92;93.756.801,00;90.326.402,71
2023;"ENCARGOS ESPECIAIS";"GESTAO DA DIVIDA PUBLICA ESTADUAL";"OUTROS ENCARGOS ESPECIAIS";1.597.767.143,50;1.597.767.143,50;1.561.825.710,61
2023;SAUDE;"FUNDACAO CENTRO DE HEMATOLOGIA E HEMOTERAPIA DE MINAS GERAIS";"ASSISTENCIA HOSPITALAR E AMBULATORIAL";279.616.823,40;229.895.914,92;224.430.263,37
2023;LEGISLATIVA;"ASSEMBLEIA LEGISLATIVA DO ESTADO DE MINAS GERAIS";"ACAO LEGISLATIVA";964.116.093,83;931.520.289,12;920.110.714,01
2023;ADMINISTRACAO;"FUNDACAO DE EDUCACAO PARA O TRABALHO DE MINAS GERAIS";"ADMINISTRACAO GERAL";1.623.222,28;1.566.085,07;1.563.331,46
2023;SAUDE;"FUNDACAO HOSPITALAR DO ESTADO DE MINAS GERAIS";"ADMINISTRACAO GERAL";126.136.812,89;101.335.372,06;98.940.437,90
2023;HABITACAO;"SECRETARIA DE ESTADO DE DESENVOLVIMENTO SOCIAL";"ASSISTENCIA COMUNITARIA";3.707.943,23;3.707.943,23;3.707.943,23
2023;TRANSPORTE;"SECRETARIA DE ESTADO DE INFRAESTRUTURA, MOBILIDADE E PARCERIAS";"TRANSPORTES COLETIVOS URBANOS";7.408.250,38;7.384.267,26;7.384.267,26
2023;"SEGURANCA PUBLICA";"CORPO DE BOMBEIROS MILITAR DO ESTADO DE MINAS GERAIS";"DEFESA CIVIL";678.126.053,21;612.216.151,82;609.266.650,68
2023;"ESSENCIAL A JUSTICA";"DEFENSORIA PUBLICA DO ESTADO DE MINAS GERAIS";"REPRESENTACAO JUDICIAL E EXTRAJUDICIAL";564.712.869,52;546.459.156,71;541.104.283,84
2023;EDUCACAO;"SECRETARIA DE ESTADO DE EDUCACAO";"ENSINO MEDIO";3.053.956.682,43;3.049.289.213,60;3.048.755.251,09
2023;AGRICULTURA;"SECRETARIA DE ESTADO DE AGRICULTURA, PECUARIA E ABASTECIMENTO - SEAPA";"PROTECAO E BENEFICIOS AO TRABALHADOR";35.913,53;0,00;0,00
2023;SANEAMENTO;"INSTITUTO DE DESENVOLVIMENTO DO NORTE E NORDESTE DE MINAS GERAIS";"SANEAMENTO BASICO RURAL";4.084.343,13;1.482.192,38;1.475.952,32
2023;"RELACOES EXTERIORES";"SECRETARIA DE ESTADO DA CASA CIVIL";"COOPERACAO INTERNACIONAL";638.780,53;570.116,43;570.116,43
2023;ADMINISTRACAO;SECRETARIA-GERAL;"COMUNICACAO SOCIAL";57.468.484,30;46.050.191,98;43.094.239,54
2023;ADMINISTRACAO;"SECRETARIA DE ESTADO DE COMUNICACAO SOCIAL";"COMUNICACAO SOCIAL";68.188.271,05;13.658.930,13;8.946.736,00
2023;"SEGURANCA PUBLICA";"FUNDO ESTADUAL DE SEGURANCA PUBLICA DE MINAS GERAIS";"ADMINISTRACAO FINANCEIRA";17.947.734,79;3.621.620,26;3.300.223,44
2023;EDUCACAO;"FUNDACAO HELENA ANTIPOFF";"DESPORTO COMUNITARIO";100.000,00;100.000,00;100.000,00
2023;"ENCARGOS ESPECIAIS";"INSTITUTO MINEIRO DE GESTAO DAS AGUAS";"OUTROS ENCARGOS ESPECIAIS";260.636,45;260.636,45;251.001,47
2023;"ENCARGOS ESPECIAIS";"ADVOCACIA GERAL DO ESTADO";"OUTROS ENCARGOS ESPECIAIS";445.638.016,79;325.313.681,96;299.853.515,18
2023;"ESSENCIAL A JUSTICA";"FUNDO ESTADUAL DE PROTECAO E DEFESA DO CONSUMIDOR";"ACAO JUDICIARIA";25.403.929,97;12.429.552,94;11.845.575,87
2023;ADMINISTRACAO;"EMPRESA DE ASSISTENCIA TECNICA E EXTENSAO RURAL DO ESTADO DE MINAS GERAIS";"ADMINISTRACAO GERAL";1.224.234,26;1.224.234,26;1.224.234,26
2023;ADMINISTRACAO;"FUNDACAO DE ARTE DE OURO PRETO";"ADMINISTRACAO GERAL";1.504.633,57;1.311.673,50;1.244.624,08
2023;HABITACAO;"FUNDO ESTADUAL DE HABITACAO";"ADMINISTRACAO GERAL";12.105.313,88;12.105.313,88;12.105.313,88
2023;"PREVIDENCIA SOCIAL";"INSTITUTO DE PREVIDENCIA DOS SERVIDORES MILITARES DO ESTADO DE MINAS GERAIS";"ADMINISTRACAO GERAL";19.434.046,17;16.981.153,89;16.897.813,87
2023;TRABALHO;"FUNDACAO EDUCACIONAL CAIO MARTINS";"FOMENTO AO TRABALHO";994.099,67;716.344,76;712.728,26
2023;"SEGURANCA PUBLICA";"POLICIA CIVIL DO ESTADO DE MINAS GERAIS";POLICIAMENTO;1.914.582.754,86;1.859.390.573,10;1.847.431.749,81
2023;SAUDE;"SECRETARIA DE ESTADO DE JUSTICA E SEGURANCA PUBLICA";"ATENCAO BASICA";294.671,93;294.671,93;294.671,93
2023;CULTURA;"FUNDACAO CLOVIS SALGADO";"DIFUSAO CULTURAL";24.875.177,15;23.388.030,65;23.343.398,62
2023;EDUCACAO;"UNIVERSIDADE DO ESTADO DE MINAS GERAIS";"ENSINO SUPERIOR";328.845.614,68;281.239.031,60;275.686.802,77
2023;SAUDE;"ESCOLA DE SAUDE PUBLICA DO ESTADO DE MINAS GERAIS";"FORMACAO DE RECURSOS HUMANOS";9.661.787,60;9.422.963,77;9.367.406,26
2023;SAUDE;"FUNDO ESTADUAL DE SAUDE";"ASSISTENCIA AO PORTADOR DE DEFICIENCIA";87.541.358,63;41.927.307,86;37.976.059,62
2023;"PREVIDENCIA SOCIAL";"INSTITUTO DE PREVIDENCIA DO LEGISLATIVO DO ESTADO DE MINAS GERAIS";"PREVIDENCIA ESPECIAL";41.053.545,73;41.053.545,73;41.053.545,73
2023;"CIENCIA E TECNOLOGIA";"FUNDACAO DE AMPARO A PESQUISA DO ESTADO DE MINAS GERAIS";"DESENVOLVIMENTO TECNOLOGICO E ENGENHARIA";3.461.600,00;3.461.600,00;3.461.600,00
2023;SAUDE;"FUNDO ESTADUAL DE SAUDE";"DIREITOS INDIVIDUAIS, COLETIVOS E DIFUSOS";5.174.831,26;5.174.831,26;4.363.264,04
2023;TRANSPORTE;"FUNDO ESTADUAL DE DESENVOLVIMENTO DE TRANSPORTES";"TRANSPORTE RODOVIARIO";57.529.308,16;37.661.476,22;36.369.978,01
2023;TRANSPORTE;"DEPARTAMENTO DE EDIFICACOES E ESTRADAS DE RODAGEM DO ESTADO DE MINAS GERAIS";"TRANSPORTE RODOVIARIO";1.191.814.458,74;648.422.201,99;593.687.296,24
2023;"ENCARGOS ESPECIAIS";"EMPRESA MINEIRA DE COMUNICACAO";"OUTROS ENCARGOS ESPECIAIS";472.367,17;472.367,17;472.367,17
2023;"GESTAO AMBIENTAL";"INSTITUTO ESTADUAL DE FLORESTAS";"CONTROLE AMBIENTAL";10.468.812,12;10.283.973,63;10.237.212,04
2023;SAUDE;"FUNDACAO HOSPITALAR DO ESTADO DE MINAS GERAIS";"ASSISTENCIA HOSPITALAR E AMBULATORIAL";1.557.199.790,02;1.457.169.407,76;1.418.946.636,35
2023;CULTURA;"FUNDACAO JOAO PINHEIRO";"DIFUSAO DO CONHECIMENTO CIENTIFICO E TECNOLOGICO";1.560.111,52;1.380.384,53;1.375.301,48
2023;"COMERCIO E SERVICOS";"INSTITUTO DE METROLOGIA E QUALIDADE DO ESTADO DE MINAS GERAIS";"NORMALIZACAO E QUALIDADE";835.251,61;798.799,41;801.812,00
2023;ADMINISTRACAO;"SECRETARIA DE ESTADO DE PLANEJAMENTO E GESTAO";"ADMINISTRACAO GERAL";307.817.203,57;241.469.950,32;225.256.233,75
2023;ADMINISTRACAO;"INSTITUTO MINEIRO DE GESTAO DAS AGUAS";"ADMINISTRACAO GERAL";11.810.472,47;11.512.989,03;11.424.343,42
2023;HABITACAO;"SECRETARIA DE ESTADO DE DESENVOLVIMENTO SOCIAL";"ADMINISTRACAO GERAL";243.111,35;238.017,02;239.194,82
2023;"SEGURANCA PUBLICA";"POLICIA CIVIL DO ESTADO DE MINAS GERAIS";"ADMINISTRACAO GERAL";141.209.325,89;139.210.107,46;138.100.157,35
2023;"SEGURANCA PUBLICA";"POLICIA CIVIL DO ESTADO DE MINAS GERAIS";"FORMACAO DE RECURSOS HUMANOS";103.330.535,63;102.695.247,14;102.560.646,21
2023;"ESSENCIAL A JUSTICA";"ADVOCACIA GERAL DO ESTADO";"REPRESENTACAO JUDICIAL E EXTRAJUDICIAL";270.881.685,77;263.206.333,89;256.506.637,70
2023;"SEGURANCA PUBLICA";"SECRETARIA DE ESTADO DE JUSTICA E SEGURANCA PUBLICA";"PROTECAO E BENEFICIOS AO TRABALHADOR";163.800,09;149.442,48;149.442,48
2023;SANEAMENTO;"SECRETARIA DE ESTADO DE MEIO AMBIENTE E DESENVOLVIMENTO SUSTENTAVEL";"SANEAMENTO BASICO URBANO";19.482.781,36;18.277.990,00;17.932.479,47
2023;"ENCARGOS ESPECIAIS";"FUNDACAO DE AMPARO A PESQUISA DO ESTADO DE MINAS GERAIS";"OUTROS ENCARGOS ESPECIAIS";234.534,27;234.534,27;210.259,87
2023;"ENCARGOS ESPECIAIS";"FUNDACAO HELENA ANTIPOFF";"OUTROS ENCARGOS ESPECIAIS";28.419,71;28.419,71;28.419,71
2023;"ENCARGOS ESPECIAIS";"UNIVERSIDADE DO ESTADO DE MINAS GERAIS";"OUTROS ENCARGOS ESPECIAIS";795.584,33;795.584,33;780.465,87
2023;"PREVIDENCIA SOCIAL";"TRIBUNAL DE JUSTICA DO ESTADO DE MINAS GERAIS";"PREVIDENCIA DO REGIME ESTATUTARIO";1.477.225.843,17;1.477.225.843,17;1.477.245.374,82
2023;"PREVIDENCIA SOCIAL";"FUNDO FINANCEIRO DE PREVIDENCIA DO ESTADO DE MINAS GERAIS";"PREVIDENCIA DO REGIME ESTATUTARIO";12.871.665.243,01;12.871.317.539,64;12.874.902.498,42
2023;SAUDE;"POLICIA CIVIL DO ESTADO DE MINAS GERAIS";"ASSISTENCIA HOSPITALAR E AMBULATORIAL";16.248.183,76;15.979.258,73;15.876.336,93
2023;JUDICIARIA;"TRIBUNAL DE JUSTICA MILITAR DO ESTADO DE MINAS GERAIS";"ACAO JUDICIARIA";12.354.832,82;10.521.990,99;9.785.184,82
2023;JUDICIARIA;"TRIBUNAL DE JUSTICA DO ESTADO DE MINAS GERAIS";"ADMINISTRACAO GERAL";4.756.608.754,70;4.756.608.754,70;4.756.929.551,16
2023;ADMINISTRACAO;"FUNDACAO ESTADUAL DO MEIO AMBIENTE";"ADMINISTRACAO GERAL";17.696.220,97;17.662.485,49;17.575.828,80
2023;ADMINISTRACAO;SECRETARIA-GERAL;"ADMINISTRACAO GERAL";6.915.045,73;6.819.725,57;6.716.984,72
2023;ADMINISTRACAO;"SECRETARIA DE ESTADO DE CULTURA E TURISMO";"ADMINISTRACAO GERAL";11.301.627,01;10.633.486,36;10.613.986,42
2023;EDUCACAO;"FUNDACAO HELENA ANTIPOFF";"ADMINISTRACAO GERAL";20.121.178,30;17.587.403,14;17.168.383,36
2023;ADMINISTRACAO;"FUNDO DE PAGAMENTO DE PARCERIAS PUBLICO - PRIVADAS DE MINAS GERAIS";"ADMINISTRACAO DE CONCESSOES";615.484.642,98;223.900.715,39;189.907.958,51
2023;"DESPORTO E LAZER";"SECRETARIA DE ESTADO DE DESENVOLVIMENTO SOCIAL";"DESPORTO DE RENDIMENTO";1.472.036,23;1.465.701,23;1.371.951,23
2023;CULTURA;"EMPRESA MINEIRA DE COMUNICACAO";"DIFUSAO CULTURAL";10.489.121,99;10.489.121,99;10.489.121,99
2023;"SEGURANCA PUBLICA";"GABINETE MILITAR DO GOVERNADOR DO ESTADO DE MINAS GERAIS";"DEFESA CIVIL";12.146.290,93;8.219.513,82;7.240.042,66
2023;ADMINISTRACAO;"SECRETARIA DE ESTADO DA CASA CIVIL";"PLANEJAMENTO E ORCAMENTO";723.036,13;640.199,99;634.015,66
2023;EDUCACAO;"FUNDACAO EDUCACIONAL CAIO MARTINS";"ENSINO PROFISSIONAL";4.684.556,63;4.289.602,34;3.259.853,50
2023;"SEGURANCA PUBLICA";"CORPO DE BOMBEIROS MILITAR DO ESTADO DE MINAS GERAIS";"ENSINO PROFISSIONAL";30.274,56;30.016,56;34.392,64
2023;HABITACAO;"PARTICIPACAO NO AUMENTO DO CAPITAL SOCIAL DE EMPRESAS";"HABITACAO URBANA";3.614.000,00;3.614.000,00;3.614.000,00
2023;SAUDE;"SECRETARIA DE ESTADO DE DESENVOLVIMENTO SOCIAL";"DIREITOS INDIVIDUAIS, COLETIVOS E DIFUSOS";5.662.721,78;5.644.237,28;5.234.823,17
2023;EDUCACAO;"FUNDACAO HELENA ANTIPOFF";"ENSINO FUNDAMENTAL";9.389.200,84;9.020.438,07;9.018.446,78
2023;SAUDE;"SECRETARIA DE ESTADO DE JUSTICA E SEGURANCA PUBLICA";"ASSISTENCIA A CRIANCA E AO ADOLESCENTE";16.341.593,95;16.182.675,63;16.167.016,31
